"text","handle","category","star_tweet"
"""Netflix finds 'Carmen Sandiego' for its latest reboot"" https://t.co/MiB2IHrDYA #technews #feedly","@MauriceMayEye","cultural-icon",
"Where In The World is Carmen Sandiego for the Sega Master System was one of the finest education games ever made. Fite me IRL","@GameDevAlex","cultural-icon",
"@FromHappyRock @Sketch_Dailies would seriously want to see Carmen Sandiego in your style!","@hyamei","cultural-icon",
"#Halloween ready! Carmen San Diego and a shark! #corvegas @ Corvallis, Oregon http://t.co/TEEnwAWgiH","@mitcheas0","fashion",
"@midnight Where in the World is Carmen Sandiego's baby? #SadTVShows","@FreddosaurusREX","cultural-icon",
"@Rockets2Writing Nice! I did Inspector Gadget last year and Carmen Sandiego the year before that. Decided NO MORE TRENCH COATS. Too hot!","@wendyqualls","fashion",
"VIDEO: 10 Reasons Where in the World Is Carmen Sandiego? Was the Best Educational TV Show ‚Ä¶ https://t.co/7lBvd5Jq8M https://t.co/hdggFdP3fx","@iniwizblog","edutainment",
"@kinky_horror Holy crap is your twitter about to turn in a game of where in the world is Carmen Sandiego but with you instead üòÅ. So you went from Miami to Paris, I guess you‚Äôre have a euro trip üá´üá∑ enjoy!","@frankr_23","travel",
"@Marc_Bertrand is that Carmen San Diego's hat?","@poit77","fashion",
"Somebody get me a red hat, I think I can cosplay Carmen SanDiego. My hair is perfect for it right now.","@JulieJubz","fashion","x"
"Plan 1 trip and it makes you Carmen SanDiego.","@MateoRadio","travel",
"This opening march of nations ought to seek sponorship from ""Where in the World is Carmen San Diego""?","@NeuroPolarbear","cultural-icon","x"
"Caraaazzyyyy Halloween adventures this past week üéÉ I've had the Carmen Sandiego theme song stuck in‚Ä¶ http://t.co/PkkAUtsP7E","@tricia229_MK","cultural-icon",
"Just realized I bought this red trench coat in a subconscious homage to Carmen Sandiego.","@SoosheBot","fashion",
"#GinaRodriguez To Star As Carmen Sandiego In #Netflix Live-Action Feature #GoldenGlobe https://t.co/RLY9ExsSZb https://t.co/7ePP5D5aUN","@Celebrilizer","cultural-icon",
"Netflix's 'Carmen Sandiego' debuts on January 19th, 2019 https://t.co/039J7askB2","@willwphoto","cultural-icon",
"Where in the world is @SunannaC? (You must sing this to the tune of Carmen Sandiego!) She and the amazing @remakelearning team have put a great big spotlight on relevant, engaging, and equitable learning this week. Thank you. Follow along at #RemakeDays https://t.co/mEBvrAdBs8","@greggbehr","cultural-icon",
"SERIA MEU SONHO???? Our Childhood Dreams Have Come True: Gina Rodriguez Is Playing Carmen Sandiego On Netflix https://t.co/6tD2VWTEOW","@Laine_lp","cultural-icon",
"This week's Nostalgia Trip will remember a question: Where In the World... In Time... Space... Europe... the USA... Is #CarmenSandiego","@FredCasden","cultural-icon",
"Josina Anderson in Cleveland sitting outside. And the Brian guy is following Lebron around the globe like LBJ is Carmen San Diego!","@Smoove_WStylz","travel",
"@AnalogGrrrL Carmen Sandiego has it.... That's why she's so elusive...üåçüïï","@ss_ibe","cultural-icon",
"Netflix plans live-action 'Carmen Sandiego' film with Gina Rodriguez https://t.co/gMeva6n2WA","@nswint","cultural-icon",
"Spent the entirety of my night playing real life Carmen Sandiego","@Jessica_McGlynn","cultural-icon",
"Everyone asks WHERE is Carmen Sandiego, Netflix asks WHO is Carmen Sandiego, but no one asks HOW is Carmen Sandiego? You good Sandy?","@Ianki","cultural-icon",
"Feeling very Where on Earth Is Carmen Sandiego? #summerhat #hats #strawhat #hatsofinstagram https://t.co/x82RZSyCP0","@susankalexander","fashion",
"Holy shit I just saw that #GinaRodriguez is supposed to play #CarmenSandiego in a Netflix Live action film (or series? I forget what the article said) and I AM SO HAPPY.","@MaybeMander","cultural-icon",
"Suzanne @InclusIQ : tech used for social change > Where in the World is Carmen Sandiego, The Oregon Trail = awesome 80s learning #LITE2016 https://t.co/NxZGc2nnrQ","@jlarmstrong_pro","edutainment",
"Where in the world is Carmen SanDiego? #sunset #ocean #travel http://t.co/icbKyeC6ur","@ChelChiiii","travel",
"I found Carmen San Diego's hat at least. It's on Pharrell's head.","@adammull","cultural-icon",
"@RBTVpod @laurenlapkus @jongabrus Missed cartoons: Count Duckula, Denver the Last Dinosaur, Talespin, Darkwing Duck, Ducktales, The Tick, Adventures of the Gummi Bears, Maya the Bee, Where on Earth is Carmen San Diego.","@turbo_donkey","cultural-icon",
"New Carmen Sandiego Animated Series Coming to Netflix Starring Gina Rodriguez - IGN https://t.co/YARNhKr76C https://t.co/ScYRJRDygV","@Loadedgoods","cultural-icon",
"‚ÄúWhere in the World is Carmen Sandiego?‚Äù Excited about a new project that has some traveling involved, which got me remembering that 90‚Äôs computer game/children‚Äôs tv game show. In sync‚Ä¶ https://t.co/vGm2Z9OGKe","@helloandgoodeye","travel",
"Netflix Reboots 'Carmen Sandiego' as Animated Series With Gina Rodriguez https://t.co/hGNqnWSRwU https://t.co/z0r5c0xiDn","@MoviesWrld","cultural-icon",
"And if they got on those Carmen Sandiego hats, it's a wrap. The bigger the hat, the less crap they taking! https://t.co/e5anTxUZf6","@busyworksport","fashion",
"Where is Carmen San Diego? Getting ready for kingdom women fashion‚Ä¶ https://t.co/IHcyGht3Nr","@JesTruth","fashion",
"@lovemeree Carmen sandiego style lol","@Viva_Ventura","fashion",
"@smwat you are legit a real life Carmen San Diego, smart stylish mysterious taking Singaporean taxis at midnight etc","@promethea","inspiration",
"@NBCBlacklist Obviously with Carmen Sandiego! http://t.co/faUNLMGKlJ","@joshua_herndon","cultural-icon",
"Curse my not having Netflix, cause I'd totally watch this! https://t.co/ZBBQIZlJCe","@PikaHikariKT","cultural-icon",
"Lo-Fi Let's Play does Carmen Sandiego in a Helsinki airport, musing on the nature of traveling & being hunted https://t.co/F2Y717Ba0M","@leighalexander","travel",
"Until next timeüíãüíãüíã #halloween16 #cosplay #jordig #catchmeifyoucan #carmensandiego #localuna‚Ä¶ https://t.co/ZAbQKFyoVy","@jordancers","fashion",
"Thanks Netflix for Where in the world is Carmen Sandiego movie. Nostalgic üòÅ","@jacksonmel20","cultural-icon",
"@SportsCenter Heather Cox's hat makes her look like Carmen Sandiego. #ESPN #NCAA #TCUvsWVU","@NateSoules","fashion",
"Spent some time playing #CarmenSandiego on an old Mac today. I've gotten better at geography! #OldGames http://t.co/9ULOfdTkw5","@vagrant_shep","edutainment",
"The greatest explorers like Carmen San Diego. #kingten #PIF13 http://t.co/SZm1RoCm8b","@GoPIF","travel",
"Justus hiding Waldo and Carmen Sandiego under his hat üò≠üò≠üò≠üò≠üò≠","@VinceStaplers","cultural-icon",
"Gina Rodriguez, ‚ÄòStranger Things‚Äô actor, to lend voice to netflix‚Äôs ‚ÄòCarmen Sandiego‚Äô https://t.co/hXNZCwzLTx","@superfabis","cultural-icon",
"They're bringing back the magic school bus and NOW carmen sandiego, so close to reliving my childhood","@drnlpz","cultural-icon",
"@ZebZion Detective Carmen San Diego time","@ElCriddy","cultural-icon",
"Carmen Sandiego Returns in a New Educational App https://t.co/ERJntHfJ64 https://t.co/ecMjQv97tu","@tonyamdavenpor1","edutainment",
"Gina Rodriguez to star as Carmen Sandiego in Netflix's live-action feature film https://t.co/W6HO72gbjW","@EW","cultural-icon",
"In 2017, I plan to further my travels in search of Carmen Sandiego. If you know how to contact her, ask her to lead me someplace warm. Thx!","@kevinkoperski","travel","x"
"In a car with friends from work and we just realized that Carmen Sandiego was a woman of color and portrayed as a criminal and now we're mad","@bowtiebutch","latina",
"TV News Roundup: #Netflix‚Äôs #CarmenSandiego Series With #GinaRodriguez Sets Premiere Date https://t.co/tCPOyEonAC via @variety","@The_News_DIVA","cultural-icon",
"Hey #90sKids, Carmen Sandiego is Coming Back for More Geography Teaching Adventures! #CarmeSandiego #Netflix https://t.co/KoYfd0VzvU https://t.co/ziW6YdlkMB","@supchucks","edutainment",
"#entertainment Carmen Sandiego Is Officially Happening With Gina Rodriguez at Netflix https://t.co/PCiJyE670i https://t.co/PjEeb4hGId","@videoviralUS","cultural-icon",
"and that was when they learned that the real treasure was knowing where in the world Carmen San Diego was","@lrush16","cultural-icon",
"Just had a quick layover in London as I look for a white hat seo and just passed Carmen Sandiego. That was weird.","@seoturd","fashion",
"Netflix finds 'Carmen Sandiego' for its latest reboot: https://t.co/Ew8h6ZtCa7","@jason_schwarz","cultural-icon",
"Chuck Norris knows the exact location of Carmen SanDiego","@CaryAnnaPhelps","cultural-icon",
"""Very stylish, very Carmen Sandiego of you your Highness."" https://t.co/7QJeS1I5rA","@OneWebSwingAway","fashion",
"Where In The World Is Carmen Sandiego? but it‚Äôs Why In The World Am I?","@JDSaladJar","cultural-icon",
"Carmen Sandiego is bringing her crime spree to Netflix in 2019. https://t.co/ULemdp86DL","@billkuchman","cultural-icon",
"Sounds Like Netflix Is Bringing Back 'Where In The World Is Carmen Sandiego?' https://t.co/H3ODykOY86 via @HuffingtonPost","@FLStateOfMind","cultural-icon",
"Sounds Like Netflix Is Bringing Back 'Where In The World Is Carmen Sandiego?' https://t.co/EcOGJA8Lpn","@animesh1977","cultural-icon",
"Netflix is betting on ‚Äò90s kids nostalgia for learning with upcoming lineup https://t.co/FndkY7MF92 https://t.co/zd5vPCX3pn","@KickItWithAsh","edutainment",
"üì∑ carmensandiegonetflix: Carmen Sandiego coming to Netflix? *hacks database* January 18! https://t.co/aY9ZNROrBz","@tvshowsilovee","cultural-icon",
"@lawonthedraw Heather Cox just interviewed Jimbo Fisher in a very Carmen Sandiego-esque outfit. ""Sandiegan?"" - Ron Burgundy voice","@liz_colleran","fashion",
"Its Carmen Sandiego without her trenchcoatüò±üò±üòâ https://t.co/LUEkUY94bd","@Attilathehunnny","fashion",
"I want to be Carmen Sandiego next Halloween.","@tomassandrew","fashion",
"This is a great idea! ""Netflix Is Bringing Back 'Where In The World Is Carmen Sandiego?'"" https://t.co/MDfIqYXew4 #Netflix #parenting #kids","@loopydads","cultural-icon",
"Sassy Look Like A Black Carmen Sandiego With That Outfit On.","@TatyanaKierra","fashion",
"Gina Rodriguez Voicing Carmen Sandiego in Netflix Show https://t.co/mOvl7ag62h https://t.co/36aOpMMguH","@iamdajugg","cultural-icon",
"Already have my next Halloween costume planned out. Carmen Sandiego. My date&39;ll go as Where&39;s Wally. Always wanted to do that","@leonejonestgrz","fashion",
"Do it, Rockapella: Netflix is Making a New ‚ÄòCarmen Sandiego‚Äô Show https://t.co/uDQOB4mnxZ #GinaRodriguez #JanetheVirgin #netflix","@SomeDroidCom","cultural-icon",
"@Sir_Samii @berio_A finding him is harder then finding Carmen Sandiego","@marcus_alicea","cultural-icon",
"Not sure if this woman is in costume as Carmen San Diego, or just fashionable with big hats.","@jeffcouturier","fashion",
"I think Carmen Sandiego May have been my first girl crush also I just realized her last name is Yep","@Squeebop","cultural-icon",
"Where in the world is Carmen Sandiego? Netflix. https://t.co/STJEcrM8GZ https://t.co/snJNOhpUIA","@22ThePoint","cultural-icon",
"@successwsagiven u dont get the hell outta here with that where in the world is Carmen San Diego hat!","@philly_feek","fashion",
"Where in the world is Carmen Sandiego? Possibly on Netflix with Gina Rodriguez: https://t.co/nzB0iZ8Rsn https://t.co/8EgXwWcC62","@DeShaunsMrk","cultural-icon",
"Gina Rodriguez, ‚ÄòStranger Things‚Äô actor, to lend voice to Netflix‚Äôs ‚ÄòCarmen Sandiego‚Äô https://t.co/22PNTw12tG https://t.co/1IYeE8NY7y","@digidialogues","cultural-icon",
"Fan Expo 2015: Carmen Sandiego & Waldo FINALLY found‚Ä¶ Together?: Do you have any fun cosplay images to share f... http://t.co/XjzYHLA9JQ","@VillainCostumes","fashion",
"@crampell @GlennKesslerWP Any guesses on how well she plays ""Where in the World is Carmen San Diego""?","@rickrow","cultural-icon",
"i bought a hat and it is burgundy wine coloured and very beautiful and i love it a lot and i only realised just as i was putting it on that it's a carmen sandiego hat. that is why i have subconsciously bought this item","@neonacropolis","fashion","x"
"@DEADLINE Yeah this is a ‚ÄúI‚Äôll believe it when I see it‚Äù type of thing. Whatever happened to the @netflix Carmen Sandiego series that they announced last year?","@FilmCriticRyan","cultural-icon",
"BOY....my nephew learns how to walk and then becomes Carmen SanDiego smh...homie I gotta do some work","@BookOfEly","cultural-icon",
"Gina Rodriguez donning red fedora and trench coat of Carmen Sandiego https://t.co/K5gxmuQqmC","@SocialKickme","cultural-icon",
"Already have my next Halloween costume planned out. Carmen Sandiego. My date&39;ll go as Where&39;s Wally. Always wanted to do that","@nelsonixjkcl","cultural-icon",
"The news these last few days is making me feel like we‚Äôre at the part of the Where in the World is Carmen San Diego computer game where we‚Äôre finally in the same city as the criminal and there are sounds of sirens and running footsteps and a police whistle...","@ReneeMLC","cultural-icon",
"I‚Äôm hyped about Carmen Sandiego for obvious reasons but also a personal one which is that it‚Äôll yield lots of pictures of GRod in a big hat, which is perfect for my stakes-day!Trini needs.","@Menshevixen","fashion",
"adventures continue, appointed carmen san diego #whereintheworld #breathtakingviews #nicjames #nomad‚Ä¶ https://t.co/98I46wMugw","@nicoledivell","travel",
"Gina Rodriguez Voicing Carmen Sandiego in Netflix Show https://t.co/GkgAuz3MJd","@diegoanpa","cultural-icon",
"One of my favourite games on PC was Where in the World is Carmen San Diego. New learning games will come with #gigatowngis","@Servimus","edutainment",
"@SUPERSTARRRRR1 Haven't yall learned...I'm like Carmen San Diego...you got to find me","@DMel33","cultural-icon",
"New on Netflix in January: 'Incredibles 2,' 'Carmen Sandiego' and more¬†Marvel https://t.co/cb1RTrrDTt https://t.co/bgeqWEq4XK","@HedgeBz","cultural-icon",
"#90sWereTheBestBecause the show ""Where In The World Is Carmen Sandiego?"" taught geography, cuz kids don't know where countries are anymore. https://t.co/rVyxc6Px46","@wintse84","edutainment",
"Tempted to buy a sequin fedora for Carmen Sandiego. Too much? Is ""too much"" a myth? #burlesque #nerdlesque #cosplay","@BellaEntendre","fashion",
"Bringing out my inner Carmen Sandiego for #Halloween üíã Be safe out there today! üëªüéÉ https://t.co/psA4tmMlqq","@katsilvia","fashion",
"It's Official: Carmen Sandiego Is Getting Her Own Animated Netflix Series https://t.co/RUlcQ0tO4O","@leaksandgeeks","cultural-icon",
"Found out the woman sporting a red hat is dressed up as #CarmenSanDiego. #GNO2015","@lootsfoz","fashion",
"Netflix Is Reportedly Reviving Carmen Sandiego With Gina Rodriguez https://t.co/aDtLdkS9Re https://t.co/Dz0BA0gLub","@WGAL","cultural-icon",
"Where in the World Is Carmen Sandiego? Becoming a Secret Travel Agent: https://t.co/v73gyJPpYS","@TheRetweetplace","travel",
"Netflix to find Carmen Sandiego in January - Kidscreen https://t.co/Zd7v3t5Hed","@exrentals","cultural-icon",
"@erin_ville ditto for you and geography. Play a lot of Carmen Sandiego back in the day?","@hurrrdurrr","cultural-icon",
"üé¨ üéÖ Netflix‚Äôs Carmen Sandiego Gets Release Date And First Look Images And Poster üìΩÔ∏è by https://t.co/QILDY7bgi8 üí• #cine #TV #DVD #Bluray üëç https://t.co/uRYsF0cU3K","@embalajedigital","cultural-icon",
"Happy Halloween everyone! Look you found them both! #halloween #Waldo #carmensandiego http://t.co/orKw3Cg891","@DJCabrillo","fashion",
"@kchironis For me... Sim games like Theme Park, RPGs like the Shining Force and Final Fantasy series, puzzle games like Snood, puzzle adventures like Myst, and edu games like Carmen Sandiego and Oregon Trail.","@owlinautumn","cultural-icon",
"#DOMINICANREPUBLIC #waterfalls #worldtraveler #damajaguas #GSTlife #carmensandiego ‚úàÔ∏è‚úàÔ∏èüòèüåäüåä #jumper‚Ä¶ https://t.co/w390DoILeb","@ashpash4lyf","travel",
"Learning world geography is________with the Where in the World is Carmen Sandiego game! #gamedev #retrogaming #education https://t.co/NiWS9DibmJ","@sjfostersound","cultural-icon",
"If @SarahhNavarrete isn't Carmen Sandiego next year for Halloween, I'm dumping her as my best friend.","@JesskuhDenton","fashion",
"Looking like vacation Carmen Sandiego https://t.co/gAXWmbC0qn","@AriA1exander","travel",
"@SeanAltman Im a huge fan!!!!! Loved your you tube video on #1 hits vs Carmen San Diego! You are the man!","@AppalachianDJ","cultural-icon",
".@Netflix reboots #CarmenSandiego with #GinaRodriquez voicing title character: https://t.co/wEnP2YyLGb cc: @HereIsGina https://t.co/q91wphNIC3","@YahooTV","cultural-icon",
"Gina Rodriguez will be donning the red fedora and trench coat of Carmen Sandiego for Netflix https://t.co/rx1KOWfVP0 https://t.co/tkHJYSVh7a","@DIYWrld","cultural-icon",
"Netflix's 'Carmen Sandiego' to begin streaming in January https://t.co/jZoTRZbf4a https://t.co/zvCT5z20lA","@gonevoip","cultural-icon",
"Sounds like I need to cosplay Carmen Sandiego.","@SmallDreamer5","fashion",
"Things I can‚Äôt find: Carmen Sandiego My will to live Waldo My car keys. Happiness","@HilarySkywalker","cultural-icon",
"Lady in a red trenchcoat and sunglasses walks into the Starbucks. I think I found Carmen Sandiego.","@ainakosiboyie","cultural-icon","x"
"Attn: June's Journey RE: Carmen Sandiego is going to sue you. https://t.co/VBhDXRM9ha","@raisedbygypsies","travel",
"New post: ""Netflix orders animated Carmen Sandiego series"" https://t.co/iZYjHKu1Us","@Nikesh2020","cultural-icon",
"Where in the World is Carmen Sandiego?: At Westwood Elementary, in room 17, there was an Apple II computer, an... http://t.co/5X1rQZdGBj","@triandriawan","edutainment",
"@KitCampbell I need this in my life‚ö°Ô∏è ‚ÄúNetflix greenlights a Carmen Sandiego series‚Äù https://t.co/rf4VTTQmGU","@AudreyGoshorn","cultural-icon",
"@SoccerFanKevin @DJCPI I just finished on Carmen Sandiego which is a Netflix animated series coming out next year.. I‚Äôm not allowed to speak on the details but I think it‚Äôll be pretty good (I am biased, obviously)","@amandawtwong","cultural-icon",
"Carmen Sandiego is coming to Netflix and the actress voicing her is perfection https://t.co/IAEoi7M2ix","@nawiniapratiwi","cultural-icon",
"#TECH Netflix is Developing a New CARMEN SANDIEGO Animated Series!: She sneaks around the‚Ä¶ https://t.co/Qs1Wy4YgA5","@Harley_Woody","cultural-icon",
"Miss Playing ‚ÄúWhere In The World Is Carmen Sandiego‚Äù And ‚ÄúClue Finders‚Äù On Windows 98 üòîüòè","@TerryannWallace","cultural-icon",
"@Alaskamauve Time for a Carmen Sandiego cosplay?","@kaiser10ne","fashion",
"@SesameWorkshop I guess you'd know how much I wish more kids expanded their education skills with Carmen Sandiego games, wouldn't you?","@JeremiahLiles1","edutainment",
"Already have my next Halloween costume planned out. Carmen Sandiego. My date&39;ll go as Where&39;s Wally. Always wanted to do that","@keshaparromero","fashion",
"Netflix plans live-action 'Carmen Sandiego' film with Gina Rodriguez https://t.co/Q4N70klVSx https://t.co/UtHV6zPQrx","@davazamb","cultural-icon",
"#childhoodshows I used to love: Archie's weird mysteries, Dennis the menace, where on earth is Carmen sandiego?, Magic school bus,","@RoshansPotions","cultural-icon",
"Gina Rodriguez will be donning the red fedora and trench coat of Carmen Sandiego for Netflix https://t.co/37bVXINe36 https://t.co/WoNhU3Z973","@ftpvideogame","cultural-icon",
"Where in the World Is Carmen Sandiego? Becoming a Secret Travel Agent https://t.co/kr33ziezmC","@_ScooterNews","travel",
"Another game that was used in class was 'Where in the World Is Carmen Sandiego?'. Since there were only two Apple IIe computers in the whole school, we'd do tasks such as creating a backstory while we waited for our next turn. A fun and compelling way to learn world geography. https://t.co/ZBbDV0DEI2","@benloveridge","edutainment",
"Slowly fulfilling my destiny as Carmen Sandiego #water #islands #whereintheworld #blue #travel @‚Ä¶ https://t.co/rcExCweOKa","@awollovesyou","travel",
"Ytd my boyfriend insisted that i looked like carmen sandiego in this outfit and told me to pose like this.. WTF NO?? http://t.co/oiuhn8Gc7F","@Dlareg","fashion",
"Gina Rodriguez to voice Carmen Sandiego in Netflix animated series: https://t.co/NAOz1dvSOW via @BrowBeat","@vscotttheauthor","cultural-icon",
"What Netflix‚Äôs New Carmen Sandiego Show Will Actually Be¬†About https://t.co/5Ep2GNfEKG","@VidSocial","cultural-icon",
"That'll show me to make a random joke about Glass threatening to dress up as Carmen Sandiego & steal all the world's monuments if people don't donate during Pledge Drive Week","@BBolander","cultural-icon",
"@Bio_00 A CRAPPY MATH VERSION! THAT'S NOT REAL CARMEN SANDIEGO! WHERE'S MY HISTORY AND GEOGRAPHY AND HUMAN CULTURES?!?!","@jankshenanigans","cultural-icon",
"The Magic School Bus / Carmen Sandiego crossover we've all been waiting for? >_> https://t.co/dSGc1qy9Uy","@LordBahumat","cultural-icon",
"!NEWS! Carmen Sandiego movie is set to be penned by Mark Perez (Game Night) and will star Gina Rodriguez (Jane The Virgin), no director is currently attached. https://t.co/3vqCef0dYQ","@CrisMovieCorner","cultural-icon",
"Gina Rodriguez will produce and star in a new live-action Carmen Sandiego film for @netflix. https://t.co/1ysLm2IiQi","@UKMoments","cultural-icon",
"Gina Rodriguez donning red fedora and trench coat of Carmen Sandiego https://t.co/aaBN09itlL","@socialbeesmedia","cultural-icon",
".@netflix‚Äôs #CarmenSandiego movie sets ‚ÄòGame Night‚Äô scribe Mark Perez as writer https://t.co/4PRpUmfUM0","@DEADLINE","cultural-icon",
"Carmen Sandiego is getting her own Netflix series meaning I've officially run out of reasons to refrain from getting me a subscription üò≠üò≠","@rootless_froot","cultural-icon",
"24 hrs: New york, London, Vilnius. I feel like Carmen San Diego. Although- I am pretty sure she didn't fly Wizz Air.","@nellmooney","travel",
"Feeling like the muted Carmen Sandiego. #selfie #babyitscoldoutside #hat #fashion‚Ä¶ https://t.co/YPntUXtBE5","@glamasaurus","fashion",
"@joseiswriting Lol, yes! My fundamentals of geography & flags came from Carmen Sandiego.","@RHackenberg","cultural-icon",
"Where in the world is Carmen Sandiego? #betyoujustsangthat #happyreformationday #happyWednesday #humoday #happyhalloween https://t.co/v6g3cSu60Q","@321bheisler","fashion",
"ICYMI: 'Carmen Sandiego' is coming to Netflix Along With Gina Rodriguez https://t.co/82fFVi55DC via @nerdophiles","@Sj_Fennell","cultural-icon",
"Netflix Is Reportedly Reviving Carmen Sandiego With Gina Rodriguez https://t.co/YZHtC2DRwY https://t.co/ml4zYPzeSx","@News_Fred","cultural-icon",
"My kids loved Carmen San Diego and Waldo. Then throw in Boba Fett for me and it's just heavenly!","@AprilLunababy","cultural-icon",
"@xI0ren CARMEN SANDIEGO WAS MY SHIT AND GINAS GONNA LOOK SO GOOD IN THAT BIG ASS RED HAT https://t.co/E4frXlh8Yn","@xI0ren","fashion","x"
"@reditech some needs to remake Carmen San Diego, would be great for Geography #aussieED","@CKinnane","cultural-icon",
"This is random, but I really miss Carmen Sandiego. I loved that 80s/90s edutainment stuff.","@collar6","edutainment","x"
"@msalylloyd @GreyDeLisle You found Carmen Sandiego! Minus the hat.","@EpicVoiceGuy","fashion",
"I‚Äôm bummed that I wasn‚Äôt able to travel this year because I had to put more energy towards other areas. This time next year my mood will be ‚Äúwhere in the world is Carmen Sandiego.‚Äù","@honestasgaston","travel",
"International / Cosplay weekend has me all / Amped for Halloween! #Toad #CarmenSandiego #wavingarmtubeman http://t.co/DIkoteYcuj","@PennyandPaper","fashion",
"@jen_schama Yess I'm in VA today- Monday & then off to the DR Wednesday - the 17th. I'm real life Carmen Sandiego","@MEEK_O7","cultural-icon",
"Newswire: Netflix has finally found Carmen Sandiego https://t.co/Rx0vCnFSgJ https://t.co/ILvOYprbJM","@tvclubreviews","cultural-icon",
"Where?! #waldo #carmensandiego #halloween https://t.co/Lmdpjp166b","@angelicaacampa","cultural-icon",
"After 2 years of marriage, I can offer newlyweds this advice: If you travel the world with the intention of finding #CarmenSanDiego, you‚Äôll only end up with great photos and unforgettable‚Ä¶ https://t.co/rcOQip4rDo","@WillGill","travel",
"@Heather_Poole get a big red hat, you're basically Carmen Sandiego now","@ColHapablap","fashion",
"Gina Rodriguez will play Carmen Sandiego in the live-action movie https://t.co/cmeiPSeZrh #movies #netflix","@DHQLounge","cultural-icon",
"@SireniaKaitje Movie. Apparently. Gina Rodriguez to star in Netflix‚Äôs live-action ‚ÄòCarmen Sandiego‚Äô movie: https://t.co/Z4rnWoOn0P via @AOL","@SireniaKaitje","cultural-icon",
"And Carmen Sandiego and the Magic School Bus with women who actually made you use your brains and Lina Inverse who detonates men and bystanders on a regular basis with no discrimination and so many other dated cartoons of the day https://t.co/WFzJ3oSADz","@Achiruetal","edutainment",
"Old tv shows I consumed: Magic School Bus, Wishbone, Bill Nye the Science Guy, Where in the World is Carmen Sandiego?","@LilithAlive","cultural-icon",
"Geek Girl Mistress Zelda's awesome Carmen Sandiego cosplay: https://t.co/lAaOXNlLhS","@geekxgirls","fashion",
"Carmen Sandiego movie is coming to Netflix and I am HERE for it!!!!! #WhereInTheWorld üíÉüèª","@ninaschollnick","cultural-icon",
"Remember in elementary school when we got to play Putt-Putt, Freddy Fish, Carmen Sandiego, and Kidspeak games during computer class? Those were the days","@MerciBabsie","cultural-icon",
"@VicForAlberta Her time travel abilities are truly amazing. It's like Alberta's own Carmen Sandiego.","@toteschizzle","travel",
"Jane the Virgin star Gina Rodriguez (@HereIsGina) is attached to star in Netflix‚Äôs live-action #CarmenSandiego film: https://t.co/FntfZEx8Ql https://t.co/G3spFvxXY9","@consequence","cultural-icon",
"My Carmen San Diego hat. #100happydays #100daysofhappiness https://t.co/ruz1zdPuOl","@TheLauraNadine","fashion",
"As I said earlier today, I find it disrespectful that Newton runs around looking like Carmen Sandiego hooked up and had a kid with Mr. Peanut.ü§∑‚Äç‚ôÄÔ∏èüíÖüèª‚öúÔ∏è","@whodatholly","cultural-icon",
"No, Samus Aran was not the first powerful female character in gaming. I grew up with Princess Rosella & Carmen Sandiego.","@BeckyCFreelance","feminism",
"gENTE , ano que vem eu vou morar na Netflix e nos cinemas . Temos : Stranger Things : season 3 IT a coisa : Capitulo 2 The Turning The Goldfinch The Addams family Carmen Sandiego Godzilla II: Rei dos monstros Sherlock Holmes Abe Waiting for Anya Eli","@Calpurnia80s","cultural-icon",
"My most-wanted Super Smash Bros. character is now Carmen Sandiego. https://t.co/96jJvVEity","@NintendoForce","cultural-icon",
"Introduced my kids to Where in the World is Carmen San Diego (Geography) and 3-2-1 Contact (Science) today.","@tdeibarlow","edutainment",
"Couples Costume Ideas: Carmen Sandiego and Where's Waldo","@datwriterhelen","fashion",
"Gina Rodriguez is the new voice of ‚ÄòWhere in the World Is Carmen Sandiego‚Äô on Netflix https://t.co/UPy1rj2oFB","@NarrendraM","cultural-icon",
"Gina Rodriguez will be donning the red fedora and trench coat of Carmen Sandiego for Netflix https://t.co/8vLJYiVpUT","@SiennaSigil","cultural-icon",
"@kchironis Mortal Kombat, Tekken, and Tomb Raider -- video games that actually had female characters. In the case of Tomb Raider, the main character was a woman. I'd also throw out Where in the World is Carmen San Diego. It made me want to travel and learn about different places.","@SimplxeSierra","travel",
"Netflix Is Rebooting 'Carmen Sandiego' With Gina Rodriguez https://t.co/bdJXpMluSK https://t.co/T6qvYcD08H","@POWER1025NY","cultural-icon",
"When did excitement get the best of you? On the set of Where in the World is Carmen Sandiego. http://t.co/vECbs0XIau","@TheMoth","cultural-icon",
"Gina Rodriguez To Star As ‚ÄòCarmen Sandiego‚Äô In Netflix Live-Action https://t.co/K6PuZ4DY0V via @Upcoming100","@JcmHoldings","cultural-icon",
"Beyonc√© is the Carmen San Diego of Jay-Z's dick #PartitionVideo","@orangeishpunkin","cultural-icon",
"Forget Carmen Sandiego. It‚Äôs time to play ‚ÄúWhere in the NBA is Sam Dekker?‚Äù","@Stefmara","cultural-icon",
"great. now I‚Äôm 18 and just learned that Carmen Sandiego is the bad guy https://t.co/IzKwDqPPb0","@kindluck","cultural-icon",
"Animated adventure series Carmen Sandiego goes into production for Netflix https://t.co/0HBfyToKsj via ATV Today","@medianews_today","cultural-icon",
"Wondering where my new clothes are is like playing Where in the World is Carmen Sandiego?","@QuietChelsea","fashion",
"A live action Carmen Sandiego film on @netflix? https://t.co/WWJRmvfoYu","@JHorv81","cultural-icon",
"‚ö° Netflix greenlights a Carmen Sandiego series https://t.co/CAYaxKBlyP","@lipsticklora","cultural-icon",
"Where in the world is Pirate Bay Domain... *sings to tone of Carmen Sandiego","@KittyCommando","cultural-icon",
"Netflix is making a Carmen Sandiego movie with Gina Rodriguez - CNET https://t.co/T27n0ulcpt https://t.co/N7Il9VuGvF","@shopsalenation","cultural-icon",
"@UncredRewrite Haha! I've gotten everything from Carmen Sandiego to Mahogany & Nina Simone... I love em all. Morning!","@nirahyman","cultural-icon",
"@TvDannyZ @pikjoel I'm carmen San Diego, GUESS WHERE I AM!! https://t.co/fH8daV6uSb","@TsunaTheWolf","cultural-icon",
"Engadget:""Netflix finds 'Carmen Sandiego' for its latest reboot"" In a bid to answer one of, if not the biggest uns‚Ä¶ https://t.co/cXXVPeupJj","@kristoferkawas","cultural-icon",
"It is a true gift to travel the world with someone you love. I hope Carmen Sandiego feels the same way about me. I would ask her but I don‚Äôt know where in the world she is right now.","@bobsaget","travel",
"Netflix orders animated Carmen Sandiego series https://t.co/WMB8KCBqHe #Tech #News","@OrganicHTM","cultural-icon",
"@important_pod I'd also like to request (demand) a bracket episode of the best old school children's educational computer games. Everything from Treasure Mountain to Oregon Trail to the Jumpstart series to Carmen Sandiego to SimCity.","@JN_Floyd","edutainment",
"Gina Rodriguez to Star as Carmen Sandiego in Live-Action Netflix Film https://t.co/Y1peTAb8hr","@rmcmurrer","cultural-icon",
";-) - Simple lessons Carmen San Diego teaches us about Travel https://t.co/4i3L3NS60H via @Travepreneur #ttot #travelskills","@cbsoundso","travel",
"Well yep, Wisconsin does not border on Canada. Yep, we have a president who doesn't know the geography of our own country. #CarmenSandiego https://t.co/77nwhAT0Cv","@MaMarchand","cultural-icon",
"@TheRedGrrl You would always have a Carmen Sandiego costume when you needed one! üòç","@lashdarkly","fashion",
"It's Official: Carmen Sandiego Is Getting Her Own Animated Netflix Series https://t.co/OhghoHrNTQ via @io9","@galaxyalex","cultural-icon",
"Netflix's 'Carmen Sandiego' Animated Series Gets a January 2019 Premiere Date and Teaser Images https://t.co/hTdX6mME5F https://t.co/qnfMLoXNy3","@slashfilm","cultural-icon",
"How to Dress like an Art Star, style tip #4: challenging Carmen Sandiego. When it's freezing in New‚Ä¶ http://t.co/NJ0NrIzzT0","@AnnikaConnor","fashion",
"It's like playing where in world is Carmen Sandiego when my parents travel if I guess right my bills get paid for a month #iguessedwrong üò£","@mixmastermegs","travel",
"Netflix is making a Carmen Sandiego show starring Jane the Virgin‚Äôs Gina Rodriguez https://t.co/NqGacAqts8 #technology","@TechNewsRT","cultural-icon",
"I'm terrible at geography and want to get better at it. How viable is it for me to do this by playing Where in the World is Carmen Sandiego?","@AmateurDan","cultural-icon",
"@andlikelaura @KylePlantEmoji Wrap it up y'all, we found Carmen Sandiego","@Jaycation1","cultural-icon",
"Forget Carmen San Diego, Where in the world is @DontCallMeLiam?","@_rochambeau","cultural-icon",
"@HereIsGina heard about your new role as #CarmenSandiego congratulations you are a perfect fit! #whereintheworldiscarmensandiego #Netflix üëÄüåç","@ChaseTyler_YT","cultural-icon",
"I played the Carmen Sandiego game when I was little and thought she was cool and mysterious, I fell in love with Gina when I started JTV and now they‚Äôre the same person that‚Äôs why I‚Äôm a lesbian boom if all connects https://t.co/2PV9GK776Q","@HustlerJauregui","cultural-icon",
"Netflix finds 'Carmen Sandiego' for its latest reboot https://t.co/WusmMYjqhs https://t.co/8Kl82Ndtrz","@coinvolver","cultural-icon",
"Why the constant travel? Somethings happening Watson! The game is afoot! Tell Carmen Sandiego to call me? #ProtCovfefe https://t.co/ggQMqjcSYf","@SoarWildly","travel",
"@jtotheill legends of the hidden temple, easily. I was never good with geography so I would have done poorly on Carmen sandiego","@xxsamantha_r","cultural-icon",
"@mooseknucklesss definitely read this as the carmen San Diego theme song","@taylormokes","cultural-icon",
"Some days I wish I was Carmen Sandiego, traveling the world","@BigIrish777","travel","x"
"@TalijaCoyote Carmen Sandiego wins all the points on style yeah. It‚Äôs a great hat.","@matrioshkadog","fashion","x"
"#Netflix plans live-action 'Carmen Sandiego' film with #GinaRodriguez https://t.co/wK1odtAUed https://t.co/27lS8DQ7Pj","@Gamolizer","cultural-icon",
"@MissDaniDaniels is that you're Carmen Sandiego hat lol.","@jmb375","fashion",
"@JanaeBryant15 I know Twitter will find her under your leadership. LOL @ Carmen Sandiego skills. üôÉ","@WrongfulConvict","cultural-icon",
"Netflix Reboots 'Carmen Sandiego' With Gina Rodriguez https://t.co/vFF5ay9aeu","@tighttea","cultural-icon",
"Who wore it better: Red Hat or Carmen Sandiego? üòè #NCEdLab18 https://t.co/ekDNEdjkbF","@dc_price","fashion",
"@dylan_patel @btgolder hey hey, I had Sky! and i've no idea who Carmen Sandiego is but i do enjoy the name.","@Bjam_z","cultural-icon",
"Children of the '90s Rejoice, For Carmen Sandiego Is Getting Her Own Animated Netflix Series https://t.co/Pi7neKdew4","@jamessmith08196","cultural-icon",
"Carmen Sandiego Returns in a New Educational App https://t.co/VL58dIo9c4 https://t.co/Ex474cCGbn","@christinasturn2","edutainment",
"Already have my next Halloween costume planned out. Carmen Sandiego. My date&39;ll go as Where&39;s Wally. Always wanted to do that","@monikaacm953","fashion",
"What!?! They are bringing back where on earth is carmen SanDiego !!!! Eeeek","@4evrtherealCC","cultural-icon",
"@THEKevinMiller A level on an old Carmen Sandiego PC game I played really made use of this.","@jpepper2391","cultural-icon",
"Somehow, Carla Cugino had enough time to change into a Carmen Sandiego outfit. #WaywardPines","@pocketrex","fashion",
"Where in the world is Carmen Sandiego? Netflix. https://t.co/KV2ruHuj6K #LiveOnWLOS","@WLOS_13","cultural-icon",
"@MikayesFiona Damn, you're persuasive! Do you cosplay Lara Croft or Carmen Sandiego??","@KB805","fashion",
"@B_Catalytic Where in the world is Carmen Sandiego was a classic. Definitely going to be the worst thing available on Netflix though","@son_of_hugh32","cultural-icon",
"@soWWMD @Realjmannarino You haven't been through healthcare till you've been thru carmen Sandiego's healthcare. Its an adventure everyday.","@charlesmaynar10","travel",
"""@allinkid: I found Carmen Sandiego!!! http://t.co/r2FmgmxDdn"" More like an alter ego, San Francisco. The hat isn't red.","@ALovelessGuru","fashion",
"Kids these days suck at geography. I blame it on public television cancelling ""Where in the World is Carmen San Diego?"".","@BeardedFett","cultural-icon",
"Saturday Night Social: Gina Rodriguez Will Voice Carmen Sandiego in Netflix‚Äôs Upcoming Animated Series https://t.co/N7k9l55sKY","@holmstrom_wanda","cultural-icon",
"(I still think our Where's Waldo & Carmen Sandiego costume from last year was our best)","@Wing2J","fashion",
"@Jack_Septic_Eye I literally giggled because your head is blocking me D; I feel like Carmen SanDiego I'm there but you can't see me.","@TheUNKN0WNHeart","cultural-icon",
"Netflix's 'Carmen Sandiego' debuts on January 19th, 2019 https://t.co/eDy4aLyGN7","@ItalianFoodNow","cultural-icon",
"@robdubbin Hey Rob. Any idea what the budget was for the original Where in the World is Carmen Sandiego game?","@BuckRuckman","cultural-icon",
"@netflix Why isn't Carmen Sandiego a movie or series? Where's your big idea people","@JonFromEarth","cultural-icon",
"She might be wearing black, not red, but I still found her! #carmen #carmensandiego #tokyo #omotesando http://t.co/6BTi4xVPG6","@EricJadi","fashion",
"Carmen Sandiego. Where I learned the word ""spelunking"" #BestPartOfThe90sWas https://t.co/TC2O3w3ADu","@Puritan2000","edutainment",
"Netflix has found her... https://t.co/NCZdhzrprL","@shallow15","cultural-icon",
"@GeekBomb I can't tell if that is the hat of Carmen SanDiego or Darkwing Duck.","@Cadmandu","fashion",
"Gina Rodriguez to Voice 'Carmen Sandiego' in Netflix Reboot https://t.co/cyIbseEjmE","@sparkkdnet","cultural-icon",
"Seriously contemplating bein Carmen Sandiego for Halloween......","@WontGetDown","fashion",
"Where tf is Carmen Sandiego....","@Jesus___Camacho","cultural-icon",
"@uh_kel @__angelamg Also you should b Carmen San Diego for Halloween. Steve can be Indiana Jones","@uh_kel","fashion",
"Where at LCDC Have you heard of Carmen San Diego? It‚Äôs a game kids play while secretly learning geography. We‚Äô... http://t.co/qg6WgNqc0f","@thelivingcoast","edutainment",
"@maxgladstone Carmen Sandiego is an anarchic uncatchable god stealing symbols of authority and culture and empire, leaving the world gloriously weird.","@maxgladstone","inspiration",
"Kourtney Kardashian Takes Younes Bendjima on a Surprise Birthday Trip Oh, the places they'll go! Kourtney Kardashian channeled her inner Carmen San Diego for Younes Bendjima's birthday--and no, we're not talking about a role-playing fantasy.... https://t.co/m0X2Ph7I7z","@HowardKaufman33","travel",
"I just told a really elaborate joke about the Carmen Sandiego bonus round only to discover that Jeff had never watched Carmen Sandiego","@samandmau","cultural-icon",
"Right before my birthday?? Oh @netflix you spoil me! https://t.co/2j4ZJUk1pq #CarmenSandiego","@rachelkaser","cultural-icon",
"Children of the 90s, rejoice. ‚ÄòCarmen Sandiego‚Äô Toon Series Starring Gina Rodriguez Bound For¬†Netflix https://t.co/p5ElGX99fp via @deadline","@walter_daley","cultural-icon",
"Gina Rodriguez to voice Carmen Sandiego in Netflix animated series https://t.co/ajgDJEGw0r","@carsunsbazaar","cultural-icon",
"Social Media: Gina Rodriguez donning red fedora and trench coat of Carmen Sandiego https://t.co/txkEc1cbEn","@MySurryHills","cultural-icon",
"Netflix is making a Carmen Sandiego show starring Jane the Virgin‚Äôs Gina Rodriguez https://t.co/SJXGVE27zO https://t.co/EpB26yQASg","@tsairox","cultural-icon",
"@Sumaleth @TonyAlbrecht Carmen Sandiego !!! I used to love that game and I'd never thought about it before but yes, it certainly taught me a lot about Geography and World Culture","@Mots_de_Maud","edutainment",
"@midwesternbitxh The old Where on Earth is Carmen Sandiego cartoon and the PBS gameshow were the absolute BEST and I will fight anyone who says otherwise. #RockapellaFTW","@MaestroHazard","cultural-icon","x"
"Bwahaha ok now I know what the Carmen San Diego comment means...it's all about the hat! Our lingo is safe lmao","@inglamwetrust","fashion",
"@JennyHops Wish @politico had done a Where in the World is Tom Vilsack ala Carmen SanDiego gimmick. So many fun SecAg adventures this year.","@ReanaMK","travel",
"Where in the World is Carmen Sandiego board game geography trivia 90s complete https://t.co/FGdPdUrN9R https://t.co/pemK5ofAfF","@nice_review","cultural-icon",
"So @nicdasilva as WonderWoman would be awesome... but Nic as CARMEN SANDIEGO = EVEN MORE AWESOME! üôåüôå üé∂Where in the world is Nic Da Silva?üé∂ https://t.co/kyJpmsiQHH","@JoanTheProfound","cultural-icon",
"@kchironis I played a lot of education games from the late 90s early 2000s. Carmen San Diego, Reader Rabbit and the like. Pok√©mon and other Gameboy games were also in my repertoire. Also. Barbie games.","@piebypie","cultural-icon",
"@WE_Linds I had a Carmen Sandiego game on MS DOS when I was little. Wonder how her fashion translated in so few pixels.","@stefsoliman","cultural-icon",
"Where in Time is Carmen Sandiego? Season 2 Episode 40 (High Quality) https://t.co/NPH3BKWXvU via @YouTube","@FurbySquawk","cultural-icon",
"Drake's Dad Does His Best Carmen Sandiego Drake's dad must have a thing for adventure, mystery and inte... https://t.co/q3mzbxYaLE via @TMZ https://t.co/w9ghpZ5uLW","@The_News_DIVA","travel",
"Where?! #waldo #carmensandiego #halloween https://t.co/Lmdpjp166b","@angelicaacampa","fashion",
"Why do I suddenly feel like Carmen Sandiego and Waldo have been looking for each other our entire lives..... #randomthought","@iamubernes","cultural-icon",
"Cristobal getting interviewed by Carmen Sandiego","@goducks321","cultural-icon",
"Gina Rodriguez to Star in ‚ÄòCarmen Sandiego‚Äô Movie for Netflix https://t.co/ijr5MjAbVL via @variety","@Variety_DMcNary","cultural-icon",
"Liv and this Carmen Sandiego coat and heels for the morning after >>>>>>>>>>>>","@_chunk_","fashion",
"Netflix is Making a Live-Action Carmen Sandiego Movie https://t.co/GbHcWAn1UI https://t.co/Pg5JqJMPbW","@Filmedia","cultural-icon",
"Is edutainment still a thing? Do kids have games like Math Blaster or Carmen Sandiego anymore?","@Hiddanas","edutainment",
"Gina Rodriguez donning red fedora and trench coat of Carmen Sandiego #skimic #entertainment #tv https://t.co/5enh0pVX13","@getSkimic","cultural-icon",
"@jemelehill Or it could be Carmen Sandiego. We don't know where in the world she is... https://t.co/3beriDxvTg","@SeasonsOfSasha","cultural-icon",
"Who ever can build a micropub client that allows me so publish save files from games on https://t.co/MkEivfMeV2 to my website will be my hero.....Power or computer has shut off every time my kids play Carmen San Diego (https://t.co/k6Q3BsL7dA)","@jgmac1106","cultural-icon",
"For Halloween, üéÉ since I can't pull off a sexy costume, I should go as Completely Ordinary Carmen Sandiego (the male version).","@HartKnight","fashion",
"Netflix Bringing Back Carmen Sandiego - https://t.co/BSJYbm0HP6 https://t.co/LnHPn4rG29","@GeekNerdery","cultural-icon",
"Jackie Chan Adventures, Samurai Jack, Gorillaz, Carmen San Diego/ Bill Nye on Netflix. What year is it?!","@CrispyTacoz","cultural-icon",
"Carmen Sandiego was a hero to generations of Latina Canadians, Wikipedia claims https://t.co/EiTNccHEhP","@RoqPlanas","latina",
"@SonicSentry @netflix @HereIsGina A live action Carmen San Diego would be a-mazing","@MovieguysCraig","cultural-icon",
"Netflix's 'Carmen Sandiego' debuts on January 19th, 2019 - Engadget https://t.co/0gNwS5mqZb via @GoogleNews","@willishl","cultural-icon",
"Where in the world is Carmen San Diego?","@Scone10252","cultural-icon",
"Where in the world IS Carmen Sandiego? On Netflix. https://t.co/5W9GbGhp1I","@librarian_kate","cultural-icon",
"Carmen Sandiego, the world's most iconic Latina super villain, is BACK! https://t.co/drdCzr4BxV https://t.co/8iiN9eHxU4","@ThisIsFusion","latina",
"Carmen Sandiego Is Officially Happening With Gina Rodriguez at Netflix https://t.co/ebqFcOYlk9","@starsjournal","cultural-icon",
"NETFLIX is bringing back #CarmenSandiego üî•üî•üî• She'll be voiced by @HereIsGina #NightsOnTheMove - @PeterKash https://t.co/Tem1H6VDXr","@935TheMoveTO","cultural-icon",
"@nascarcasm ‚Äú@nascarcasm: @pkligerman What's with all the globe-trotting as of late, PK? You're like Carmen Sandiego.‚Äù Step 1 of world domination","@pkligerman","travel",
"@RowanGayle TLDR; Carmen Sandiego is an icon and the reason I'm gay","@RowanGayle","inspiration",
"@graykimbrough @causalinf @ernietedeschi The only good cop games involved Carmen sandiego. And arcade style NARC before seeing a movie at the multiplex.","@jeremyskog","cultural-icon",
"#kaabil #Adhm #Shivaay Saturday Night Social: Gina Rodriguez Will Voice Carmen Sandiego in Netflix‚Äôs Upcoming Anim‚Ä¶ https://t.co/Eh7dKXoIcg https://t.co/LcMhrbB6GG","@DreamFIFA2014","cultural-icon",
"@Juryfacts @CameronYeager @shwood The logo needs to be Brian in a Carmen Sandiego hat","@Scottyemo","fashion",
"@ameruu She made giant hats and capes cool. (meanwhile Carmen Sandiego made giant hats and trenchcoats cool)","@seedchan","fashion",
"B: I didn't know chyna could speak Spanish K: she's like a spy or carmen sandiego","@AEPquotes","cultural-icon",
"Retro Gaming: Carmen Sandiego, the most stylish criminal. https://t.co/TzRzVtyMtM","@HerStoryArc","cultural-icon",
"@RKalland @TylerIAm this is a list of answers to a Carmen Sandiego adventure","@edsbs","travel",
"Chuck Norris always knows the EXACT location of Carmen SanDiego.","@AlsiaSilva1","cultural-icon",
"Gina Rodriguez Cast As #CarmenSandiego In Live-Action Netflix Film https://t.co/2HYw9RCRzw https://t.co/kx25PGkJk3","@GeekVibesNation","cultural-icon",
"first video game let's play #educational #geography #carmensandiego https://t.co/kVOhriG7cX","@UndefinedVideo","edutainment",
"Another MS Dos'ing around installment, around educational game 'Where In The World Is Carmen San Diego' #carmensandiego #dos #dosbox #pc #90s #retrogaming https://t.co/jicTSW07gB https://t.co/FXr3KF33ma","@KiotaGaming","edutainment",
"#news Carmen Sandiego: release date and first images of the new series #netflix https://t.co/DWqNy8DOOa","@BitFeedCO","cultural-icon",
"@kevinpokeeffe Why Carmen Sandiego Is the Ultimate Queer, Feminist Icon","@kevinpokeeffe","feminism",
"Gina Rodriguez donning red fedora and trench coat of Carmen Sandiego https://t.co/aJ61lsehVu https://t.co/V6Y33mg6d4","@sangamangre","cultural-icon",
"All I know is, #CarmenSandiego on @netflix better have @RockapellaMusic as the intro music!!","@Arthur_McDowell","cultural-icon",
"And if you don't know who my girl Carmen Sandiego is, educate yourself. You're too young babe.","@SieARose","edutainment",
"Netflix is Bringing Back 'Carmen Sandiego' with Gina Rodriguez Playing the Lead https://t.co/4nAdRtENtT","@amarich7","cultural-icon",
"Gina Rodriguez Voicing Carmen Sandiego in Netflix Show https://t.co/zo0EAdtAFT #ign","@Christhacker","cultural-icon",
"When I was 8 I was the first kid on the block to beat Super Mario Brothers and Kung Fu. Learned every country's flag with Carmen SanDiego. https://t.co/QKahpzWHxd","@microscope_eyes","edutainment",
"Muscle cars blasting music are pretty common here, but I swear this one was blasting ""Where in the World Is Carmen Sandiego.""","@RealJosephBeard","cultural-icon",
"any time I pass thru my elementary school I wanna check if tha computers still got my save file for Where in the world is Carmen San Diego so I can see if they finally found ha","@fuckaxo","cultural-icon",
"@jhaletweets @TheRitaMoreno you ladies excited for the Carmen Sandiego reboot on netflix with @HereIsGina i sure am! https://t.co/gAojfNrbRR","@JamesStocker16","cultural-icon",
"Hold up...they bringing Carmen Sandiego back on Netflix? It's suuuuper lit!","@MikelWalker_","cultural-icon",
"Netflix is making a Carmen Sandiego movie with Gina Rodriguez - CNET https://t.co/CpI5ag6QAL","@juliasbrown31","cultural-icon",
"Carmen Sandiego Film To Come To #Netflix With Gina Rodriguez As Its Star #CarmenSandiego https://t.co/H0d6zcEevU https://t.co/GAg1fpfNlu","@thenerdstash","cultural-icon",
"Gina Rodriguez to Reportedly Play Carmen Sandiego in Brand New Netflix Animated Series https://t.co/SHKjZSVDYD","@bradrian","cultural-icon",
"When people ask who my first queer icon was I always say ""Carmen San Diego.""","@saracentury","inspiration",
"@janie that is not the correct color for Carmen SanDiego‚Äôs outfit","@webmeadow","fashion",
"Prepare to travel the world once again as Netflix is rebooting Carmen Sandiego in¬†2019 https://t.co/1w3hDjOeSp https://t.co/DxyQLKI9b9","@TheGeekFinity","travel",
"Where in the world is Carmen SanDiego? ‚úàÔ∏è #WeekendGetAways #SummerTime https://t.co/nr7XZU7kdp","@MariaSansone","travel",
"@midnight Entry for #ElderlyTVShows: Where In the World are Carmen Sandiego's Car Keys? #HashtagWars","@EricSterlingNow","cultural-icon",
"We've finally found Carmen Sandiego. She was in a Netflix series the whole time. I should've known. =P","@SiberianNinja","cultural-icon",
"vesperia gave me my murderboy, berseria gave me six lawless heathens, carmen sandiego was my childhood hero, etc etc","@starsinmist","inspiration",
"Why was Usher's ex (Tamika) dressed like Carmen Sandiego...??? It's not Halloween yet. üòÇüòÇüòÇ http://t.co/0ktcmOg64a","@IamChamp205","fashion",
"Gina Rodriguez to portray 'Carmen Sandiego' in live-action Netflix film - https://t.co/zjOM1BGp9b https://t.co/JfVW5QuZJm","@twosheeep1","cultural-icon",
"Instead of Jem, they should do a Where in the World is Carmen Sandiego movie. Heists, stylized world, smart female antagonist. Writes itself","@darling_sammy","feminism",
"Chuck Norris knows where Carmen Sandiego is.","@dailychuckfact","cultural-icon",
"Have to admit I love that Jess has a Carmen Sandiego hat.","@eiri_ebooks","fashion",
"What's new on Netflix in January 2019: Unfortunate Events, Carmen San Diego, Killer Mike, and more! https://t.co/9Bg6NVEljB","@ITNetworksAust","cultural-icon",
"I would like a new Carmen Sandiego game please and thank you.","@skybreaker","cultural-icon",
"This announcement comes after Netflix revealed they would be creating a modern Carmen Sandiego cartoon series in 2019. Rodriguez will also voice the character in this animated series. https://t.co/vACwGbRrMr","@EBONYMag","cultural-icon",
"Hands On: Carmen Sandiego Returns 1.0 (iOS) https://t.co/fyMwkQjJws","@macnn","cultural-icon",
"Carmen San Diego opened doors for Latinas on a global level #truth http://t.co/F2S6BwGMVi","@BoomBoomDuPrey","fashion",
"I would watch so much Carmen Sandiego if it was on netflix","@88mugsy88","cultural-icon",
"@bombsfall I hope Carmen Sandiego steals the mace.","@MrEschatologist","cultural-icon",
"Carmen Sandiego is coming back and... on Netflix!","@ThePerezShow","cultural-icon",
"No need to get all Carmen Sandiego and steal these goodies! B√∂hme has some seriously trendy stuff and‚Ä¶ http://t.co/TiGoTgdh8U","@ChanelleJepson","cultural-icon",
"first learned about the benefits of misandry playing Where in the World Is Carmen Sandiego","@Abid_ism","edutainment",
"@Hauuuitsomar damn traveling the world like Carmen San Diego. I have five weeks before my next trip","@MANE_uncensored","travel",
"Throw back to 1990s and Where in the World is, Carmen Sandiego? #tbt @netflix #CarmenSandiego #sschat #geography #studentengagement #teach https://t.co/p5UMBmFGaY","@6gees","cultural-icon",
"I almost dressed up as Carmen San Diego once.","@Sin__Princess","fashion",
"Learning about inferencing while applying what we are learning in Social Studies with a little ""Where in the world is Carmen Sandiego?"" #BlastFromThePast #1991 @BurnhamthorpeFI @PeelSchools https://t.co/rXvh8W4P70","@MrKPitman","cultural-icon",
"@PBSKIDS - What happened to the classics? Wishbone? Where in the World is Carmen Sandiego? Ghost Writers? Back when television taught children.","@DrBrianCook","cultural-icon",
"This Pup Has Traveled The World, And Has Drool-Worthy Pics To Prove It: Move over, Carmen Sandiego, this adven... http://t.co/dLHyArrr0i","@Milvec22","travel",
"Everyone's wearing Carmen Sandiego hats these days. So many expeditions, so little sun protection.","@theseknees","fashion","x"
"@missbrianna24 Or you want to cosplay n be carmen sandiego bri hun lmaol üòâüòÅ","@myterrybear","fashion",
"Taking style notes from Carmen Sandiego. #streetstyle #carmensandiego #incognito #denim @ Alfred‚Ä¶ http://t.co/aznGMuUqVv","@Always_Judging","fashion",
"Where in the world IS Carmen Sandiego?","@OwenFarney","cultural-icon",
"Now I'm torn between what I should be for Halloween next year...Carmen Sandiego or #AgentCarter ... red jacket or blue jacket...decisions.","@Phoenix_Ranger","fashion",
"Actress Rita Moreno (Nina‚Äôs World, One Day at a Time 2017, Oz, Muppet Show, Where on Earth is Carmen Sandiego) is 87. Pop singer David Gates (Bread) is 78.","@thehotmammas","cultural-icon",
"Carmen Sandiego found Waldo at the gas station! @meotto #halloween #costume http://t.co/k72MEkE6Pu","@kgalyon","cultural-icon",
"@ikebarinholtz And also you shop at the same hat store as Carmen San Diego.","@AndrewMettler","fashion",
"New post on my blog: Viral: VIDEO: 10 Reasons Where in the World Is Carmen Sandiego? Was the Best Educational TV S‚Ä¶ https://t.co/VU5OhPDKA1","@DashGoPro","edutainment",
"I loved Carmen Sandiego growing up, I can't wait to watch this with my kids :) https://t.co/Qw9a0yHZO0 via @ew","@sleypy","cultural-icon",
"Bad Gal Carmen...üíÉüíÉüíÉüíÉ #CarmenSandiego #partybus #villain #HappyHalloween #OctoberZone #troubleseason http://t.co/SC3Wr6lCCN","@KillaKarla928","fashion",
"Netflix Is Reportedly Reviving Carmen Sandiego With Gina Rodriguez https://t.co/AIaYHEy0Ku https://t.co/5hoCxfWLiJ","@WJCLNews","cultural-icon",
"@jtotheill Carmen San Diego. I'm pretty decent with10 & 12yo world geography.","@wrytersblockDH","cultural-icon",
"In a car with friends from work and we just realized that Carmen Sandiego was a woman of color and portrayed as a criminal and now we're mad","@bowtiebutch","travel",
"@revolttv Shoutout to Joe for rocking the Carmen Sandiego hat üòÇ https://t.co/VYONTubSGI","@mighttalksports","fashion",
"Hide as well as Carmen Sandiego with these travel security tips https://t.co/tmKcypyIrD #travelsecurity #cybersecurity https://t.co/eLHZ44qI1J","@rosedefremery","travel",
"Netflix orders animated Carmen Sandiego series https://t.co/Am4dTDMAoU https://t.co/Qeq5HAGyvD","@sachiketi","cultural-icon",
"@jakob_way @DLicious1515 @cloudinsmash64 because my life is like Carmen sandiego no one can find it","@Gameboy_92","cultural-icon",
"The hat of life! Where in the world is Carmen San Diego flow...#whatiworetoday #rockmom #fauxfur‚Ä¶ https://t.co/EpGEwXCsOn","@3thechicway","fashion",
"@CREWcrew ? Copyright infringement related to Carmen San Diego ?","@vicki_tyrrell","cultural-icon",
"@SilvaniArt Where In The World Is Carmen Sandiego? Duck Tales Reading Rainbow Mister Rogers Neighborhood Tiny Toon Adventures","@airbornesurfer","cultural-icon",
"Carmen Sandiego coming to Netflix....I'm with it.","@DMVDefiant","cultural-icon",
"@gamasutra @JamesPortnow gosh the Carmen Sandiego series was so good. And can't forget the nth Grade Adventures series!! Fantastic stuff.","@energy_game","cultural-icon",
"Yesssssss! --> ‚ÄòCarmen Sandiego‚Äô Animated Series Greenlit at Netflix, Gina Rodriguez to Star https://t.co/y9xuCX0iLm via @variety","@KatyBlakeyNBC5","cultural-icon",
"üé• Gina Rodriguez sera Carmen Sandiego pour Netflix https://t.co/GNVMRf4sev","@relaxnews","cultural-icon",
"@untaintedtea Me, weeks ago: [draws Carmen Sandiego] I hope they do something new with her soon she's the best Netflix: I AGREE","@untaintedtea","cultural-icon",
"@DulceOphelia I gotta give it up to @DulceOphelia she all over the map, tryna keep up with her roadtrip is like finding Carmen sandiego..üöó","@Baylienn","cultural-icon","x"
"Haven't wanted to rock a Fedora & trench coat this bad since Carmen Sandiego! https://t.co/f1Mn7JAYUn","@BlkCherry381","fashion",
"Channelling #CarmenSanDiego this vacation #summervaca14 #gulfshoresal #bighat http://t.co/wccjwz7dF5","@jeanettadarley","travel",
"Camila Albuquerque is Brazil's answer to Carmen Sandiego.","@mookiealexander","cultural-icon",
"You're never too old to play Where in the World is Carmen Sandiego? #90skid #nostalgia #education #travel #PCGames","@ElmiraMockett","cultural-icon",
"@HayleyAtwell The hat says you're really Carmen San Diego! :-)","@DanKArthur","fashion",
"Naya driving her car with her Carmen San Diego hat on = life","@cuteweirdo_x","fashion",
"Carmen Sandiego Halloween Costumes https://t.co/n2I8aWxtUu","@EasyRiderFree","fashion",
"What! @Netflix if this is true....you really are the best https://t.co/agwSHdZT4T","@salasbro","cultural-icon",
"@RyllenEscent well, the original Carmen Sandiego traveled a lot to steal stuff from all over the world in the name of teaching us geography","@0xymoroff","edutainment",
"@mayainthemoment If it was red and you had the matching hat you could be Carmen San Diego!","@MissLBarr33","fashion",
"Already have my next Halloween costume planned out. Carmen Sandiego. My date&39;ll go as Where&39;s Wally. Always wanted to do that","@hewittdmhvk","fashion",
"NEWS: WHEN in the world is Carmen Sandiego coming to Netflix? January! #NetflixNewsWeek Netflix has announced that the new animated series ""Carmen Sandiego"" will debut globally on January 18th, 2019. The series... Read more: https://t.co/Zi38gbRpFi https://t.co/empcn4EC6h","@NewOnNetflixUK","cultural-icon",
"Carolyn's going to play cards, dressed in her best Carmen Sandiego outfit https://t.co/6fHSQndaYb","@LudicrousLouisa","fashion",
"What in the world is Carmen San Diego wearing? @midnight #RuinAVideoGame","@dimpledmadness","fashion",
"Gina Rodriguez Lands Carmen Sandiego Role In Upcoming Netflix Live-Action Feature https://t.co/7LRN2tFKQB https://t.co/xAF5KPIZhy","@stupidDOPE","cultural-icon",
"That moment when you realize Carmen Sandiego was your strongest female role model growing up. https://t.co/8lNAaAHIHX","@ktrascal","inspiration","x"
"Lebron travelled more than Carmen sandiego","@TraplordTyber","cultural-icon",
"@friar_tdore Also who doesn't like hats where you can do the carmen sandiego https://t.co/iYNCAS6vfN","@friar_tdore","fashion",
"Netflix acquired the live-action feature film rights to 'Carmen Sandiego.' Golden Globe winner Gina Rodriguez will star as the lead. https://t.co/Ao6boGSxWr","@Captivate","cultural-icon",
"Loved this trip down memory lane: My 20-year quest to find Carmen Sandiego https://t.co/gni22Zr8KN via @HuffPostEnt","@jerrydoran","travel",
"I love that Pauline looks like Carmen Sandiego in that outfit","@JesterEli","fashion","x"
"Gina Rodriguez to Star in Netflix‚Äôs Live-Action ‚ÄúCarmen Sandiego‚Äù Film https://t.co/PsmPgoNKQ8 https://t.co/iGxtD6GGOU","@WomenaHollywood","cultural-icon",
"My awesome trip through a free archive of 'classic' computer games #CarmenSandiego @HitByWords http://t.co/no085wy3vc http://t.co/6eWyNs4tse","@HitByWords","cultural-icon",
"üì∑ smallswingshoes: ginarodriguez-news: Netflix Reboots ‚ÄòCarmen Sandiego‚Äô With Gina Rodriguez Where in... https://t.co/bllp3uTpOy","@RaushanLedgiste","cultural-icon",
"https://t.co/3NKtcURkW1 I must watch every episode of this...IMMEDIATELY! Who's in‚ÄΩ #carmensandiego #earworm #yourewelcome #geographyisfun","@downandmarq","cultural-icon",
"VIDEO: 10 Reasons Where in the World Is Carmen Sandiego? Was the Best Educational TV Show Ever https://t.co/g37uG8gJ5B","@FujikageYori","edutainment",
"Gina Rodriguez To Voice ‚ÄòCarmen Sandiego‚Äô Netflix Revival https://t.co/7gNHEtA0ZL https://t.co/gJOcf8Ab8e","@Killinent","cultural-icon",
".@MrPapadakos proud of you man, globetrotting like a boss on some Carmen Sandiego shit. Safe travels and all the best. #√°phesis","@Jaylinzee","travel",
"BlackBag Tip of the Day: Where in the world is Carmen San Diego? Watch how to view location data for pictures and other files with geolocation data in #BlackLight to find out. Even Carmen can't hide! Learn more: https://t.co/on4wMToyPY https://t.co/LGNj0sB5Ks","@blackbagtech","cultural-icon",
"#CarmenSandiego is returning as an #animated #children #show on #Netflix https://t.co/rPP7y6xhj7 via @Polygon","@clone9design","cultural-icon",
"Should I be carmen San Diego for Halloween or is that too obscure üòÇ","@Lera__kasper","fashion",
"Already have my next Halloween costume planned out. Carmen Sandiego. My date&39;ll go as Where&39;s Wally. Always wanted to do that","@butlertrxr","cultural-icon",
"If tease image is indicative of overall style I am freaking IN. The world could always use more Latina anti-heroes! https://t.co/vVW4WjXDxF","@SuedeBlade","inspiration",
"tonight I found out that my mom had somehow conflated Dora the Explorer and Carmen Sandiego as the same character and now that's my new head canon I just wonder what happened to Diego that Dora decided to take his name in tribute as she embarked on her life of anti-heroing...","@jessiemae","cultural-icon",
"Dear @IssaRae please don't instastory and drive. We need you around for a season 3! Yours truly A Carmen Sandiego #Insecuritea #InscureHBO","@Thisladylion","cultural-icon",
"25 Sheet capacity and it looks like it was owned by Carmen Sandiego. That's certainly a contender... https://t.co/SCsNSC5TWP https://t.co/Gzc1lYGUS0","@KaneJamison","cultural-icon",
"@AllAboutSylvie ty it's my Carmen Sandiego hat :), Shawn will be where's waldo...lol üòÇ","@RayMarkAble1","cultural-icon",
"Choreographing a gymnastics routine to Mungojerrie and Rumpleteazer from Cats in 2nd grade. ALSO, insisting that my 2nd grade teacher use the format of Where in the World is Carmen Sandiego to teach us Geography--which she did. I sat in a box with a walkie-takie & was the chief. https://t.co/60DjwbhEXg","@TheWoodzick","cultural-icon",
"@TheRickWilson Oregon Trail and Carmen Sandiego on a green CRT. Ahh memories","@daltonator","cultural-icon",
"@amandawtwong @SheaFontana Carmen Sandiego just got cancelled, someone broke into the studio and stole all the computers.","@Dogmaf2011","cultural-icon",
"Imma take you round the world like Carmen Sandiego üåç","@MorganBNewman","cultural-icon",
"Carmen ""San Diego Thank You""","@JandoCalrissian","cultural-icon",
"I forgot the Carmen San Diego outfit existed","@BTS_BEYONCE","fashion",
"Our Childhood Dreams Have Come True: Gina Rodriguez Is Playing Carmen Sandiego On Netflix https://t.co/rtzgMwWkWU","@upliftt","cultural-icon",
"@hlcno OK it turns out that this version of ""Where in the World is Carmen Sandiego"" *does* look for side B in drive 2, so I hooked that up and it appears to work.","@a2_4am","cultural-icon",
"Netflix‚Äôs Carmen Sandiego Gets First Image Plus New Cast https://t.co/LQJ63ZOXBw","@HYOVINN","cultural-icon",
"Gina Rodriguez Voicing Carmen Sandiego in Netflix Show https://t.co/AdTlKYdQB9 https://t.co/8aIGAi1vBM","@GMonster320","cultural-icon",
"Did we ever find out where Carmen Sandiego went?","@idlesofapril","cultural-icon",
"@_MochaFrapp okay Carmen San Diego. But which corner of the planet do you happen to be exploring today?","@ctcforthepeople","travel","w"
"Not Your Shero: Carmen Sandiego and the importance of feminism in edutainment #shero #mediastudies https://t.co/cCvD32VKqY","@PaulDarvasi","edutainment",
"@hurdy_burdy I love Island of Dr. Quandary but I voted for Carmen Sandiego because it came with an almanac that had a bunch of color pictures of flags","@Hieropants","cultural-icon",
"It's like ""Where in the world is Carmen Sandiego?""... ""Where in LA is Harry Styles?""","@courtneyyy3","cultural-icon",
"Last year's #halloween costume...because this year I'm laying low. #CarmenSandiego‚Ä¶ https://t.co/kxzOuLtWxH","@imsydneycharles","fashion",
"Jane The Virgin‚Äôs Gina Rodriguez To Star In New Netflix Series Carmen¬†Sandiego https://t.co/hqIjZfg0Ow","@adreatrends","cultural-icon",
"Daily Podcast: Captain Marvel, Stranger Things 3, Solo, Star Wars, Carmen Sandiego, Netflix, and Pacific Rim Uprising https://t.co/7SHUx2ekcO https://t.co/oLz29cTuik","@SellersTed","cultural-icon",
"Writing an article on game-based learning and what do I find beside me? The Queen of education gaming herself, Ms Carmen San Diego for Windows 95/98 üòÇ https://t.co/tOzOwjCOsk","@orourke28","edutainment",
". @netflix has reportedly ordered 20 episodes of a ""Where in The World Is Carmen Sandiego"" reboot: https://t.co/wjoawxLYkF https://t.co/WHDuBFqpK2","@mystar1025","cultural-icon",
"My ode to Carmen Sandiego, one of the few franchises in my early days that was feminist, educational, and diverse, and really got me into history & geography.","@saracentury","feminism","x"
"Netflix's 'Carmen Sandiego' debuts on January 19th, 2019 https://t.co/vxl7Bslt9z #tech","@m_adduci","cultural-icon",
"Netflix Could Be Bringing Carmen Sandiego Back. https://t.co/dEuz2UDvYL","@rmjern","cultural-icon",
"‚ÄòCarmen Sandiego‚Äô Toon Series Starring Gina Rodriguez Bound For Netflix https://t.co/SJtXUi2kdk","@lanewsnow","cultural-icon",
"Where in the world is Carmen Sandiego/ @D_Fo732?? Miss you fellas @iggypro @D_Fo732","@RyBARn67","cultural-icon",
"she is also dressed like carmen san diego minus the hat","@ericketan","fashion",
"@amandawtwong @AudreyKare I bet Carmen Sandiego never suffered from jetlag.","@amandawtwong","cultural-icon",
"Where in the world is Carmen Sandiego?","@Mandim_e","cultural-icon",
"Is it weird to want a queer-er version of Ivy's outfit from Carmen Sandiego? #whereintheworld #carmensandiego #90skid","@EauxYesExclmtn","cultural-icon",
"VIDEO: 10 Reasons Where in the World Is Carmen Sandiego? Was the Best Educational TV Show ‚Ä¶ https://t.co/lzqOnf1ZMV https://t.co/EiwO5WcA0H","@norfaiz","edutainment",
"@MrHailZeon glad you are safe also , this looks totaly fine, im ok with this, just like the reboot of carmen sandiego im willing to give this a shot, at least she-ra has style unlike roar","@SuperFanComShow","cultural-icon",
"Where's my Smash Bros-style game with classic educational characters? Clifford, Gumby, Carmen Sandiego, Davey/Goliath, Little Bear...","@McBiggitty","cultural-icon",
"Note to guy in red fedora: only Carmen Sandiego can pull off that look.","@aethucyn","fashion",
"Uh oh Carmen San Diego and Columbo both on the case now?Angie the explorer is no match for these two!! #PowerTV https://t.co/fIHWJ9d2jV","@cynamilli","travel",
"Carmen Sandiego is what got me interested in geography and history, so I'm looking forward to this","@MachoMan_Marcus","edutainment",
"I learn so much about the world by watching where in the world is Carmen San Diego. Best show on PBS beside Reading Rainbow","@KingBentley","cultural-icon",
"@BionicDance But is it Carmen Sandiego or one of her henchmen?","@RistinRaccoon","cultural-icon",
"CARMEN SANDIEGO Coming To Netflix https://t.co/bIWuEguKc6 @Netflix @LaVaudreuil","@LaVaudreuil","cultural-icon",
"I seriously wanted to be Carmen Sandiego when i grew up. Shoot i still do. https://t.co/OqnqmaEiyw","@madbabylon","inspiration",
"A2: Where in the World is Carmen Sandiego! For the win! #wegosolo","@trover","cultural-icon",
"Carmen Sandiego Returns in a New Educational App https://t.co/SlKA4fPSLj https://t.co/kAtQPboDrV","@JarboeMelina","edutainment",
"You do know at some point you are going to need an evil mastermind costume... somewhere between Black Widow and Carmen Sandiego üòÇüòÇüòÇüòÇ","@N8vaWalkAlone","fashion",
"Gina Rodriguez to Star as Carmen Sandiego in Live-Action Netflix Film https://t.co/8WddILfaWd","@TouchoHoney","cultural-icon",
"Will power: seeing a woman with a floppy red hat, a red trench coat and sunglasses and not tweeting ""There in the World is Carmen Sandiego""","@byarijoseph","fashion",
